{
  "repoSenseVersion": "v1.10.1",
  "reportGeneratedTime": "Mon Mar 9 13:33:47 2020 UTC",
  "repos": [
    {
      "location": {
        "location": "https://github.com/reposense/RepoSense.git",
        "repoName": "RepoSense",
        "organization": "reposense"
      },
      "branch": "master",
      "displayName": "reposense/RepoSense[master]",
      "outputFolderName": "reposense_RepoSense_master"
    },
    {
      "location": {
        "location": "https://github.com/se-edu/collate.git",
        "repoName": "collate",
        "organization": "se-edu"
      },
      "branch": "master",
      "displayName": "se-edu/collate[master]",
      "outputFolderName": "se-edu_collate_master"
    }
  ],
  "errorList": [],
  "sinceDate": "2017-10-21",
  "untilDate": "2019-11-21",
  "isSinceDateProvided": true,
  "isUntilDateProvided": true
}
